"Host","Protein","Count","Perc_proteins"
"A",1,0,0
"A",2,1,33.3333333333333
"A",3,1,33.3333333333333
"A",4,1,33.3333333333333
"B",1,0,0
"B",2,0,0
"B",3,1,50
"B",4,1,50
"C",1,1,33.3333333333333
"C",2,0,0
"C",3,0,0
"C",4,2,66.6666666666667
